{"actions": [-0.4, -0.30000000000000004, -0.20000000000000004, -0.10000000000000003, -5.551115123125783e-17, 0.09999999999999992, 0.19999999999999996, 0.29999999999999993, 0.3999999999999999, 0.4999999999999999, 0.5999999999999999, 0.6999999999999998, 0.7999999999999999, 0.8999999999999998, 1.0], "vol_intervals": 10, "T": 4, "V": 100, "state_variables": ["volume", "time"], "q": {"['1.00', 1]": [1.0346935842801044, 1.0304033206116823, 1.0187682848109818, 0.990972497869678, 0.8577224248153441, 0.7693121241172396, 0.6949964068606665, 0.6303090636560911, 0.5891977607078431, 0.5632245691955454, 0.5560421821805677, 0.556458293581373, 0.5699705325476796, 0.5939632427815565, 0.6247646800953751], "['0.90', 1]": [0.8530922781436522, 0.8495024682487698, 0.8394707283708281, 0.8156646325108792, 0.7017029008481932, 0.6271064429217489, 0.565001239873125, 0.5125937617163586, 0.48159743785739545, 0.46388720418180945, 0.4645569723874682, 0.47137580753024216, 0.49075848552695744, 0.5184559063101588, 0.5509749739659685], "['0.80', 1]": [0.6911640100056305, 0.6880340750632254, 0.6790263890030689, 0.6590915060680008, 0.5632034530816697, 0.5012252633362823, 0.450707264752829, 0.4097209630680849, 0.38804484798645006, 0.378427748984757, 0.3862808352609217, 0.3986452365127105, 0.4215145455124839, 0.4506493251095607, 0.4817328714210367], "['0.70', 1]": [0.5469755642401611, 0.5443823845412437, 0.5368372300804138, 0.5207567501682117, 0.4410613868244528, 0.3909082622306008, 0.3519242088982499, 0.32138417143518255, 0.3083197604905127, 0.3062142959447384, 0.3201374034561857, 0.33578896415080856, 0.3602115907955866, 0.38693886963628255, 0.41173233149380545], "['0.60', 1]": [0.4204244051989907, 0.4183482452480789, 0.4123976084307704, 0.3995500067231802, 0.3351332218796678, 0.29606892812544644, 0.2672414601934811, 0.24611887240375693, 0.24119019418280654, 0.24470778720847028, 0.2620597092171243, 0.27890089460257234, 0.30056305399726246, 0.32104762627421024, 0.33951805676271807], "['0.50', 1]": [0.3108176868068217, 0.3093846221104409, 0.30480335210025794, 0.2950577197519991, 0.2443998826731994, 0.21545913656894314, 0.19516459332139277, 0.1828750581764698, 0.18412298909750768, 0.19132998016192965, 0.20867267204835274, 0.22354328092158204, 0.24088677879634776, 0.25503988221987056, 0.2681126619743379], "['0.40', 1]": [0.2179532494588784, 0.21696165349985685, 0.2135812919617176, 0.2063577924266154, 0.1684296963979666, 0.1486010592503705, 0.13545150370533704, 0.13045588032971278, 0.13578654075522367, 0.14479456722797657, 0.15864313185742707, 0.17017990796226337, 0.18244272515819088, 0.19049388245315194, 0.1977685464442027], "['0.30', 1]": [0.13944487455354077, 0.13876882867830814, 0.1363245570870175, 0.13142724367455402, 0.10567502253306484, 0.09346682302779236, 0.08680779369431806, 0.08691892500337133, 0.09382926637995705, 0.10208971216862564, 0.11073008270114702, 0.11809339163125561, 0.12429570589067838, 0.12795107736801975, 0.13081848606369115], "['0.20', 1]": [0.07489021014456207, 0.07431985377088902, 0.07275545184423211, 0.06992120435105226, 0.055549177448406546, 0.049800734018892255, 0.0481432688665328, 0.051070866324254054, 0.056762871252533424, 0.061333844470921085, 0.06496466210688173, 0.06794547540663601, 0.06958598973666462, 0.07063941764523884, 0.07151673189157073], "['0.10', 1]": [0.02698847104260701, 0.0266877805374572, 0.0261399913392531, 0.02503161108779831, 0.020190219190336447, 0.018708322988600437, 0.01954926990065059, 0.021397407689138774, 0.02319084918541619, 0.024203372025985118, 0.024709005707312954, 0.025098601615325216, 0.025213687431036167, 0.02526383885084577, 0.02529169142268997], "['1.00', 2]": [0.5446968244392496, 0.538321522250203, 0.5306640172632923, 0.5149580341790393, 0.4362567271574511, 0.38765442269928935, 0.34784753147730985, 0.3237104380936904, 0.3193025740702206, 0.3309352034815158, 0.35684001836256485, 0.3961695564701445, 0.44177196629214, 0.4928434897934306, 0.5467884724991067], "['0.90', 2]": [0.4533839241217939, 0.44769861473959705, 0.4406438857632636, 0.42664623604409324, 0.3587989557969251, 0.3184257373454974, 0.2871963971868728, 0.2714743055106619, 0.27390158083131244, 0.29068287319180475, 0.31994033290269847, 0.3602645330081725, 0.40527634701591775, 0.45317685105800515, 0.5016898802180598], "['0.80', 2]": [0.36879099916809294, 0.363847619453889, 0.3575263276837481, 0.3453901113035136, 0.28950385323111466, 0.25762466027374464, 0.23456222674583793, 0.2253611056693043, 0.2336361091769212, 0.2538671571484932, 0.2850642353283426, 0.32544071465638136, 0.36816345667733996, 0.4102523178748889, 0.4512467429582974], "['0.70', 2]": [0.2976722086201771, 0.29306267136791914, 0.287278335694785, 0.27670135782077715, 0.22991121055405156, 0.20456305689226612, 0.18791214646654508, 0.18438416496002405, 0.19782581079141998, 0.2200464522312254, 0.25226353938476614, 0.2907600599016175, 0.32828279565286717, 0.3627926376660318, 0.39380286695376565], "['0.60', 2]": [0.23350697959137576, 0.2292050182131494, 0.22402581631455434, 0.21509453921833313, 0.17712823424709184, 0.15766706891687532, 0.14718333724719646, 0.148918202891555, 0.16555091863517293, 0.1889158760439413, 0.21930541514982857, 0.2530563457812453, 0.2826471038667447, 0.30773395515665036, 0.3289801596450941], "['0.50', 2]": [0.17604465042707151, 0.17219499866227067, 0.1678058166380152, 0.1605981470134255, 0.13034719300927966, 0.11734613825677215, 0.11215463598904356, 0.11794585492197057, 0.13623513797531453, 0.1586099971410259, 0.18417375992991702, 0.20961508435167378, 0.2309366493091351, 0.2481011262153747, 0.26182505508802273], "['0.40', 2]": [0.12452546123388729, 0.12138988659710907, 0.11791312359922919, 0.11210904732510436, 0.09023741727573717, 0.08280304685757119, 0.08218600379026976, 0.09015233633397225, 0.10822664407964375, 0.12704321398644783, 0.14602366204806283, 0.16356224447804432, 0.17700828765550305, 0.1864624640254086, 0.19381907720077227], "['0.30', 2]": [0.08188130925896568, 0.07951278380726966, 0.07680131802371093, 0.07240038676845727, 0.05760013220660091, 0.05429078037126564, 0.05660135383310362, 0.06601820093571924, 0.08035208103214382, 0.0939609199690678, 0.10603755579132103, 0.11469860843354016, 0.12079439550042659, 0.12514045462725346, 0.12810918810061653], "['0.20', 2]": [0.044519446711606646, 0.04319232723613073, 0.04087938143067493, 0.038646157339661494, 0.03107090586811962, 0.031020506663644046, 0.03511468867947192, 0.04256188598301322, 0.05150325715174357, 0.05859140048634433, 0.06336231389757886, 0.0659607043084524, 0.06772501149336874, 0.06924153611778833, 0.07002814153270819], "['0.10', 2]": [0.016614231033643533, 0.015999851214980123, 0.014832252641433959, 0.014116564585443681, 0.012057056204358025, 0.013408318691874579, 0.01644827583916251, 0.019519420716017012, 0.02201407465211356, 0.0233015287214686, 0.024155931419895884, 0.024536406671717744, 0.024721683893426362, 0.024823431105301975, 0.024852364898890797], "['1.00', 3]": [0.31787876475829413, 0.31716535267965806, 0.3134223398432901, 0.3060938964031156, 0.2676512478231923, 0.24631171869876187, 0.23445244308833182, 0.23731373327193933, 0.25625750915721357, 0.2849843424827664, 0.32355129555847195, 0.368690708109175, 0.4202913660914305, 0.467896992642068, 0.5247277294295433], "['0.90', 3]": [0.27009559595063337, 0.26942724998847173, 0.2658715570618646, 0.25920114512203696, 0.22487065028060904, 0.20693014482316335, 0.19879019139710924, 0.20585101200012879, 0.22753645526142557, 0.2585260703337242, 0.2972175768445251, 0.3403496088507455, 0.38904564609245784, 0.4311546816271952, 0.4834439264430831], "['0.80', 3]": [0.22407382900222617, 0.2234531841119631, 0.22014112592516172, 0.21419622544977976, 0.18508247372773043, 0.17093679811413715, 0.16680906091482206, 0.1773837589240124, 0.20191649040437934, 0.2334126110768469, 0.2712521645213897, 0.31188729207481325, 0.35599309002555796, 0.3926349041823142, 0.4392096460836406],