{"actions": [-0.4, -0.30000000000000004, -0.20000000000000004, -0.10000000000000003, -5.551115123125783e-17, 0.09999999999999992, 0.19999999999999996, 0.29999999999999993, 0.3999999999999999, 0.4999999999999999, 0.5999999999999999, 0.6999999999999998, 0.7999999999999999, 0.8999999999999998, 1.0], "vol_intervals": 10, "T": 4, "V": 100, "period_length": 15, "state_variables": ["volume", "time"], "q": {"['1.00', 1]": [0.9933139195368135, 0.9868819507590524, 0.9733330769713603, 0.9442437121527979, 0.8143061724547526, 0.7325131973560093, 0.6612382725896705, 0.5977306120595873, 0.5611917979295281, 0.5415580918536813, 0.5382851047856042, 0.5441462806075807, 0.5582508921417598, 0.5801144547405446, 0.6071352006433108], "['0.90', 1]": [0.8226098234738901, 0.8170548334170512, 0.8052323683384555, 0.7803219909651024, 0.668515611179799, 0.5989776484945541, 0.5398324335742102, 0.48879166739917285, 0.46191545990396327, 0.4507171037738358, 0.45301590791254376, 0.463406920766506, 0.48171141984722543, 0.5057753320394136, 0.5332599085686603], "['0.80', 1]": [0.6688910679134784, 0.6639219119146047, 0.6537386755428611, 0.6326302815372632, 0.5380668919564352, 0.48043917262010777, 0.432825471454425, 0.3931476019096514, 0.3749084543019079, 0.37104477726728397, 0.37789885218631747, 0.39236331992113677, 0.41284918328121006, 0.4378976992246723, 0.4640549714431218], "['0.70', 1]": [0.5306883403948645, 0.5263636027388519, 0.517927105884142, 0.5007053183758713, 0.4224293357928228, 0.37583215289406097, 0.339016537877448, 0.309902999511977, 0.29973246713352625, 0.3018829845730654, 0.31274606626826107, 0.3292165677339137, 0.3506116586951346, 0.37414822077881493, 0.39630581980801166], "['0.60', 1]": [0.4082171131552248, 0.40470501912145646, 0.39796107292074817, 0.38426856265512316, 0.32170115445606845, 0.2854005123364999, 0.25834658317941483, 0.23853529359754813, 0.23544033371631648, 0.24173761677394068, 0.2552416578496654, 0.2721635049081843, 0.29173981677919847, 0.31108411529877183, 0.3280007770697553], "['0.50', 1]": [0.30155088306684247, 0.29884709636130596, 0.29379635981698077, 0.2832886423805728, 0.23491775930490735, 0.2082871344266339, 0.1894568783310479, 0.17832244247266976, 0.18028410563674838, 0.188915991376873, 0.20274102590954043, 0.2178302245807045, 0.23373957722313302, 0.24794530033997414, 0.2596013716815247], "['0.40', 1]": [0.21045797464467908, 0.2084746484928813, 0.2049640447552579, 0.19737745910462642, 0.16233962155852916, 0.14374421938639, 0.13199313843258154, 0.12794922704395273, 0.13292554751030686, 0.14231490038125652, 0.15411079458279817, 0.16591676029730648, 0.17714295929465315, 0.18603056598540374, 0.19267545751111856], "['0.30', 1]": [0.13423133402158352, 0.13304497544305066, 0.1307623266331186, 0.12577269940484406, 0.10209350900257401, 0.09071472026411215, 0.08531875948685866, 0.08579478018870781, 0.09196490790803259, 0.10020792472683175, 0.1084564367066863, 0.11587501577755921, 0.12189069643019754, 0.12587081566405406, 0.12840827760987253], "['0.20', 1]": [0.07226351257764811, 0.07170497172357858, 0.07043002170003182, 0.06778787096176848, 0.05445333767441684, 0.04912286818393618, 0.04814802752153998, 0.05086301276347915, 0.055744139369924915, 0.06063203481629773, 0.06452816613368212, 0.0674768243971193, 0.0693634161413465, 0.0704640155626149, 0.07118040837582032], "['0.10', 1]": [0.026381350619078262, 0.026285072505483367, 0.025833686910813745, 0.024849886478735112, 0.020117974558314166, 0.018824202157514833, 0.01961462008855709, 0.021403035618155784, 0.02307816947662204, 0.024409901564561326, 0.025118467109554742, 0.025610419049394068, 0.02583728672531427, 0.025974346948174618, 0.026073111497166176], "['1.00', 2]": [0.5003804879516908, 0.49537179553030475, 0.48583213980451057, 0.4714707294862252, 0.40331633138630407, 0.3586887606379847, 0.32004342991621626, 0.30315559586680435, 0.3071425646168896, 0.32787939670928107, 0.35883418552060375, 0.3978538966141018, 0.43987594358454385, 0.4856229807504888, 0.5332335472139877], "['0.90', 2]": [0.41749270625298357, 0.4131329738700625, 0.4044817234587863, 0.39152641927504916, 0.3321626125282749, 0.2944588997765234, 0.26463857360355864, 0.25597661620193163, 0.26583472148966164, 0.28987638936834564, 0.321490370569049, 0.3595901372987089, 0.3992904770339495, 0.44251284149663606, 0.4854687303669945], "['0.80', 2]": [0.3403915875806816, 0.336620166250976, 0.3289378491365556, 0.3175886544414978, 0.2678037630109164, 0.23749418557110827, 0.2160715851151935, 0.21393890753944408, 0.22874763231840045, 0.25435572400548406, 0.2856404454660415, 0.3220391665449967, 0.35901000257117394, 0.3976397689263533, 0.4343468055367314], "['0.70', 2]": [0.27231106083043055, 0.2690098063349148, 0.2624986634599946, 0.25247861819997847, 0.21119129983000887, 0.18763544771445342, 0.17353907520961745, 0.1770957305268028, 0.19518921031474284, 0.22063811896717897, 0.2517339206249478, 0.2846452274860238, 0.3172397175402817, 0.34987749415270814, 0.3783888064580756], "['0.60', 2]": [0.21108221429402663, 0.2082038221994597, 0.20262799097128817, 0.19439816188059747, 0.16162803790679328, 0.14444729847274662, 0.13691670259298003, 0.144670258862771, 0.1644964501707754, 0.18901253995137085, 0.21751116041387997, 0.24586681525093396, 0.27199998225061695, 0.29670801903490795, 0.3172873119517389], "['0.50', 2]": [0.1576359486608835, 0.15510983040339757, 0.1508118148345647, 0.1442450749423043, 0.1189225541795977, 0.10779752283855776, 0.10558545699768998, 0.1158625385689752, 0.13585368470741208, 0.158122259300324, 0.1816674976612424, 0.20330762379271902, 0.22281264595857572, 0.23977687953814228, 0.25302724941790816], "['0.40', 2]": [0.11196650238296152, 0.10973886581432313, 0.10638383406329216, 0.10140081660133231, 0.08297142953352263, 0.07671226243248526, 0.07856083652055336, 0.08975652121022464, 0.10790895596766702, 0.12584392566404684, 0.14351121054440902, 0.158276276373444, 0.1712144534825273, 0.1810824654952301, 0.18830972342604538], "['0.30', 2]": [0.07253433955106973, 0.07079906654536798, 0.06859029752611029, 0.06500953577202254, 0.053034522923150425, 0.050550673020381125, 0.0550897351998874, 0.06560043225910651, 0.07992488317497673, 0.09283149664868132, 0.10394863954869836, 0.11198624509394724, 0.11814300633348429, 0.1226574625805534, 0.125587224314628], "['0.20', 2]": [0.039349935389170594, 0.038570835009263796, 0.036971663246912916, 0.03497381700427423, 0.029123802051225344, 0.02967760696394317, 0.03478786963755709, 0.04245671294791359, 0.05134033229116118, 0.05804573989971736, 0.06257011634104503, 0.06533292706496227, 0.06718655153886044, 0.06867515839422804, 0.06927939684447473], "['0.10', 2]": [0.014254907431931531, 0.013900110445033191, 0.01329207187424236, 0.012561057710992286, 0.011373381382497164, 0.013223387615129213, 0.016262790069922477, 0.01943970231587993, 0.022073837201361034, 0.023485395867781866, 0.024261896310004926, 0.02469480612241223, 0.024894903686278724, 0.024998504386669975, 0.02506709846455164], "['1.00', 3]": [0.26191327119588337, 0.2578680445573336, 0.2503589425601983, 0.24042076930636358, 0.21263250082781063, 0.1968634074766216, 0.19250166178026937, 0.20229789996888453, 0.22866858706256957, 0.26590752385031075, 0.31040003779222686, 0.3594452774284858, 0.4103223808314261, 0.45967159334259733, 0.5127500434834067], "['0.90', 3]": [0.22035489041900022, 0.21652734586694938, 0.20975050895094874, 0.20126862021679087, 0.1773293025992198, 0.16423772869662517, 0.1635496059671289, 0.17635495686299107, 0.20411508412626203, 0.2411671513776945, 0.2846900246411453, 0.33133243440705423, 0.37854393776341067, 0.42354539625799265, 0.471070478085544], "['0.80', 3]": [0.17964350557825473, 0.17605422925168368, 0.17017673323677596, 0.1634865991496429, 0.14401797263501592, 0.1343414966924491, 0.13762238528015353, 0.1527527361100672, 0.18153666787047587, 0.2174391270677544, 0.25902844480496173, 0.3017670478897726, 0.3443373419420013, 0.3849695656335031, 0.4254960891279453],