{"actions": [-0.4, -0.30000000000000004, -0.20000000000000004, -0.10000000000000003, -5.551115123125783e-17, 0.09999999999999992, 0.19999999999999996, 0.29999999999999993, 0.3999999999999999, 0.4999999999999999, 0.5999999999999999, 0.6999999999999998, 0.7999999999999999, 0.8999999999999998, 1.0], "vol_intervals": 10, "T": 4, "V": 100, "state_variables": ["volume", "time"], "q": {"['1.00', 1]": [0.861241326339489, 0.8493386040450513, 0.8278203076241737, 0.7923587533931168, 0.6884367815651762, 0.6275569961090535, 0.5695735400548166, 0.516121945241196, 0.49558085150015796, 0.48660917141417015, 0.4933207439917321, 0.5101209738048244, 0.5289492922477955, 0.5529400962244633, 0.5778407211423376], "['0.90', 1]": [0.718656523135748, 0.7083163878200487, 0.6894820885021475, 0.6591011568578545, 0.5690870033508375, 0.5165373614893443, 0.46856240535428, 0.42567864878148265, 0.4138079245029498, 0.41303873168100863, 0.4224904065850314, 0.44061075553605344, 0.4613053724394066, 0.4841985480402766, 0.5068481168282248], "['0.80', 1]": [0.5890327214924693, 0.5796857071265475, 0.5638282620474543, 0.5379457304267368, 0.46145694569523754, 0.41740912286974713, 0.37900703734492897, 0.3457844843861481, 0.3407876427957238, 0.34647332016026394, 0.3574410115878287, 0.37650691680662896, 0.39701831633198265, 0.4179188672029545, 0.43698679976047133], "['0.70', 1]": [0.47130471691816456, 0.46296146498792007, 0.4498963334812755, 0.4288588941859942, 0.36534771758973766, 0.3292570003181605, 0.2991749431420696, 0.2753040237222208, 0.2766599989799109, 0.2869288279586337, 0.298863956706336, 0.3169513175659416, 0.33555521853792564, 0.3534448741322469, 0.3691845721001989], "['0.60', 1]": [0.36530588621280696, 0.35842621998424457, 0.3480346401656864, 0.3314589311275993, 0.28090689682482356, 0.2521028316867425, 0.2300125913263208, 0.21431437241364437, 0.22089214000374371, 0.2327496261030324, 0.24517177528317996, 0.26128985649280795, 0.2767942773217231, 0.2912808053150478, 0.30337321901272274], "['0.50', 1]": [0.27197342948810194, 0.2665383839718454, 0.25895792937982465, 0.24625951581209732, 0.2070546083245052, 0.18580367688008867, 0.17017144445743088, 0.16251833762754203, 0.17150812408781055, 0.1831531650625594, 0.19471525644608978, 0.2077899982762917, 0.21964017626796808, 0.230920279142247, 0.23924640729207056], "['0.40', 1]": [0.19154017376038843, 0.1874808031459924, 0.1823829648569409, 0.17342331178130124, 0.1452452571557405, 0.12940004844397218, 0.11941923927309449, 0.11817311473856454, 0.1270178992613641, 0.13767324047783, 0.14769783981420548, 0.15736958367869766, 0.1655181022156681, 0.17312305342503592, 0.17776405846034907], "['0.30', 1]": [0.12347835418513715, 0.12117691801237117, 0.1179688400437101, 0.11202457680801588, 0.09219413173005457, 0.08212660324972365, 0.07782826135550601, 0.07983062106375627, 0.0875529750496211, 0.09612477030302485, 0.10319527051668133, 0.10918665614438268, 0.11421225040160969, 0.11745131546831816, 0.11948768080361558], "['0.20', 1]": [0.0670350149216895, 0.06621576255127402, 0.06472834950579137, 0.0616683470588599, 0.04983727002249792, 0.04486840457244124, 0.04421199256723617, 0.04736311979466871, 0.052343515572587165, 0.05750422599737569, 0.06115669843122335, 0.06388790334211236, 0.06598509111720896, 0.06705605143427076, 0.06773282478804396], "['0.10', 1]": [0.02454311615039498, 0.02464948996938382, 0.024273691819156572, 0.023139501644381544, 0.01846064646944692, 0.017151663166843575, 0.017712344826119827, 0.019637634719876146, 0.02151376011590669, 0.023315806864261313, 0.02420400144913604, 0.02483451034817067, 0.025206564732719452, 0.025444565095249214, 0.025642296318353516], "['1.00', 2]": [0.411817397004977, 0.4073045440310611, 0.39522345596339964, 0.3806139394587049, 0.3298866361418251, 0.29854870851443766, 0.267084459573089, 0.2603502538640304, 0.27859529879889533, 0.3154849651791057, 0.35696620323117223, 0.4012918839480161, 0.443735725550031, 0.48389400752776907, 0.5241287820221858], "['0.90', 2]": [0.3452275047443707, 0.34157050893874047, 0.3305469832693767, 0.31692834172914136, 0.2713062827417149, 0.24406643929308502, 0.22009649638422543, 0.22046306467299498, 0.2437266203892042, 0.28170124587330503, 0.3199805658313347, 0.36040392614622774, 0.39704637035289914, 0.4338936448625857, 0.4682435445240526], "['0.80', 2]": [0.2803198031181918, 0.2770909850225007, 0.2674398438844767, 0.25534644325010536, 0.217030194807634, 0.19533238544582596, 0.17865573855251976, 0.1848937265382291, 0.21193234141714212, 0.24858629778990213, 0.28316215594967, 0.3191635241628462, 0.35072697015088344, 0.382784031871138, 0.41054710212368617], "['0.70', 2]": [0.22169407583918183, 0.21902353688599954, 0.21140089414936905, 0.20044991365388767, 0.16893468634754152, 0.15268186141826967, 0.14296216188783872, 0.15417583394892773, 0.18191303059976072, 0.21554794548717113, 0.2481353353514924, 0.27706088635344983, 0.3036275308809754, 0.3302593458433704, 0.3502282495260124], "['0.60', 2]": [0.16806080449442198, 0.16612994138760886, 0.15978947423148987, 0.15118640888181553, 0.12712140766608038, 0.11613095775808371, 0.11265771408021846, 0.12644066461584472, 0.15398163634320558, 0.18374943432702973, 0.2117159315249996, 0.2348991890081319, 0.2552279011425701, 0.275526403695343, 0.2897028432524841], "['0.50', 2]": [0.1228058090237566, 0.12121116320652163, 0.11709061491516212, 0.11045423349704599, 0.09196710991098332, 0.08575864511559725, 0.08689180789675882, 0.10139923523446072, 0.12717497439634248, 0.1520813445467854, 0.1740144603586121, 0.1915309116316548, 0.20572732026992557, 0.21941235888592658, 0.22888570897398694], "['0.40', 2]": [0.08534219847957905, 0.08368947063125665, 0.0808027575430896, 0.07627665280040935, 0.06288386077126366, 0.06039965813047162, 0.0649848757529637, 0.07902214433397452, 0.10030310876452223, 0.11923941341874697, 0.13525091323935637, 0.14678168100107936, 0.15593345313648285, 0.1644851135263743, 0.16970024717415474], "['0.30', 2]": [0.05219160143277411, 0.05086378932827778, 0.04977721901425922, 0.046701404218104814, 0.038634809566844126, 0.0389906561286226, 0.04576993281378937, 0.057359567011459625, 0.0733259842569915, 0.08634403852000938, 0.09562417689349169, 0.1023041634566669, 0.10702470429748284, 0.11131512795496472, 0.11373645108833959], "['0.20', 2]": [0.026537356778054886, 0.026358941745505723, 0.025741428630598282, 0.02402739886458725, 0.020929248019299285, 0.023065128336762473, 0.02945205738976332, 0.036916838606940186, 0.046481282046928814, 0.05288915259006638, 0.05655172623536726, 0.0593562739345211, 0.06123566843066436, 0.06292273280629797, 0.06334726907456084], "['0.10', 2]": [0.008234140758686878, 0.008225251161843151, 0.008325976100907155, 0.007584844656446425, 0.007744229361738724, 0.010538429964211397, 0.013627442364559435, 0.01647984190598603, 0.01925783552565208, 0.02083897869956287, 0.02155300058293732, 0.022233022318185042, 0.022467771558319027, 0.022581618070953293, 0.022725568803999285], "['1.00', 3]": [0.15429543359846418, 0.14636082605957312, 0.13132868778600326, 0.11739737500256316, 0.09969717892444604, 0.09795294554685126, 0.1051660679197972, 0.1260361770107613, 0.16825914047260043, 0.2241441414949449, 0.28123728310060253, 0.3423623437733047, 0.4003370806804094, 0.4550845358987508, 0.5091304901787177], "['0.90', 3]": [0.12164309795764769, 0.11404128871932165, 0.10064901156994256, 0.08963999888494324, 0.07687599745722068, 0.07647947940030034, 0.08658638434850961, 0.1098763569127761, 0.1518664299945251, 0.20539237855309112, 0.25994455532507854, 0.31651218340298587, 0.3685360134205959, 0.41772028136278533, 0.4616265723716462], "['0.80', 3]": [0.08926206472477365, 0.0818552147164007, 0.07058133839516521, 0.06332437015149693, 0.055586906360685424, 0.05763391308045963, 0.07094391956894652, 0.0956636193588221, 0.13719151869587679, 0.18689626335313148, 0.2377686875454887, 0.28765451292787986, 0.3323174698069137, 0.37550906573688153, 0.40868600360161444],