{"actions": [-0.4, -0.30000000000000004, -0.20000000000000004, -0.10000000000000003, -5.551115123125783e-17, 0.09999999999999992, 0.19999999999999996, 0.29999999999999993, 0.3999999999999999, 0.4999999999999999, 0.5999999999999999, 0.6999999999999998, 0.7999999999999999, 0.8999999999999998, 1.0], "vol_intervals": 10, "T": 4, "V": 100, "state_variables": "", "q": {"[]": [3.112473024429787, 3.1118030974383055, 3.1104656928456977, 3.1074352166159662, 3.0913020609003308, 3.0905947060010837, 3.099322071074059, 3.112225127983089, 3.1274531562581527, 3.146578540722965, 3.169448538532961, 3.1923229919860736, 3.2163727343193895, 3.2401894546976413, 3.263817319660152]}, "n": {"[]": [16771.0, 16771.0, 16771.0, 16771.0, 16771.0, 16771.0, 16771.0, 16771.0, 16771.0, 16771.0, 16771.0, 16771.0, 16771.0, 16771.0, 16771.0]}, "period_length": 15}
