{"actions": [-0.4, -0.30000000000000004, -0.20000000000000004, -0.10000000000000003, -5.551115123125783e-17, 0.09999999999999992, 0.19999999999999996, 0.29999999999999993, 0.3999999999999999, 0.4999999999999999, 0.5999999999999999, 0.6999999999999998, 0.7999999999999999, 0.8999999999999998, 1.0], "vol_intervals": 10, "T": 4, "V": 100, "state_variables": ["volume", "time"], "q": {"['1.00', 1]": [1.117870011664996, 1.1160101001268874, 1.1107778610750958, 1.0886633730969768, 0.927545880268127, 0.8261192138863124, 0.7407661885047283, 0.6650678577340096, 0.6128378290806074, 0.5872676209138508, 0.5756511150728301, 0.573966941078783, 0.5823976498120318, 0.5984155616961389, 0.6231557090284112], "['0.90', 1]": [0.9235134063419241, 0.9218313073516277, 0.9171794227087398, 0.8982656084755881, 0.7594902865833137, 0.6735681087264673, 0.6031470507411496, 0.5427806077970929, 0.5009546266018431, 0.48437633826893023, 0.47908880362691125, 0.48377044738530506, 0.4973116479876478, 0.5179932319066872, 0.5452038414206819], "['0.80', 1]": [0.7479778616590247, 0.7464952260330913, 0.7424903689368592, 0.7263270128658825, 0.6087595447402071, 0.5384562919591098, 0.4821802295369416, 0.43543371832230743, 0.4037280891290426, 0.39465114444738253, 0.39448362508880597, 0.405512753352819, 0.4226901629585474, 0.44782341855861735, 0.4769514074442652], "['0.70', 1]": [0.5898761868387322, 0.5886923152522812, 0.5853885506484667, 0.5718396609846882, 0.4752353032759859, 0.41909239157584455, 0.3760071207238995, 0.34165258966511397, 0.31962615451595755, 0.31647221565507944, 0.32166038026804367, 0.3370350341609941, 0.3581055320521965, 0.38501538243741307, 0.4123671670619121], "['0.60', 1]": [0.4503853638570702, 0.44952614804357827, 0.4467022811519207, 0.43580912325102694, 0.3592799110628719, 0.31647915150763195, 0.28504392574022375, 0.2613847305414064, 0.24752381172341342, 0.25000238652556606, 0.25970766631708997, 0.2778441707671386, 0.3001480802983899, 0.32459792428796985, 0.3460062055808528], "['0.50', 1]": [0.32944517665316353, 0.32874726581373104, 0.3265260429007739, 0.31798035504860866, 0.26016194325277764, 0.22931562123873625, 0.20810428152933108, 0.19377504216214575, 0.1870646303678327, 0.19351522665272872, 0.20561705849772222, 0.22377308462304596, 0.24328760705823288, 0.26158359315540525, 0.27586726789927746], "['0.40', 1]": [0.2261454734803128, 0.22565132570647767, 0.22414172994943532, 0.21794223508058358, 0.17745272164276202, 0.1567739550449463, 0.1445122542881112, 0.13793297575297997, 0.13710977055650136, 0.1452841440802084, 0.15669360197284454, 0.17180037122625905, 0.1858297296700272, 0.19762767817914925, 0.20615975403134076], "['0.30', 1]": [0.14183910371333103, 0.14148331872807576, 0.14069360816488133, 0.13688827925151478, 0.11077035329153377, 0.09872980083393891, 0.0935610657631113, 0.09244197174609046, 0.09546370230574025, 0.10323124389066847, 0.11255944503439308, 0.12201401383329626, 0.12913314258565686, 0.13457701566291774, 0.13734953185360946], "['0.20', 1]": [0.07583677961306434, 0.07565252265494758, 0.07506689386857128, 0.07326243575219964, 0.059287957477192066, 0.0540349054260219, 0.05356024499236819, 0.055384242486529796, 0.059015388339691686, 0.0639638599162495, 0.06855900531083475, 0.07176214906218263, 0.0736974703217769, 0.07490356010969457, 0.07545335889987817], "['0.10', 1]": [0.028072141257802517, 0.02797828092797025, 0.027555483884512143, 0.026949321871324292, 0.022294900636753746, 0.021280384583711023, 0.022316922694112395, 0.02383533583752993, 0.025071949756432482, 0.026196156295587265, 0.026936725533874054, 0.027378959749065297, 0.02755994978658338, 0.027677739615529356, 0.027737974331165486], "['1.00', 2]": [0.5611482117283123, 0.5573354201348402, 0.5487012103074139, 0.5365271575891583, 0.4589236317720443, 0.40150312628723833, 0.35459068962980445, 0.3337140456514343, 0.3296485377757526, 0.3407049016910739, 0.36413839446602075, 0.3954454680334397, 0.4319710214549674, 0.47808100087169947, 0.527121774664386], "['0.90', 2]": [0.46744810337751824, 0.46394376920815517, 0.4563579256186841, 0.44574517668209135, 0.3791597474318, 0.3307513911359448, 0.2948313655657807, 0.2834660535949321, 0.28511871895138696, 0.29999637852913125, 0.3256927049613229, 0.35754629048569975, 0.39415160433047075, 0.43970453095135364, 0.48684765595288065], "['0.80', 2]": [0.38388987417251785, 0.3809827982712953, 0.3741352213024164, 0.3648889880213995, 0.30773277251448666, 0.2677516251072006, 0.24206313273903426, 0.2381420060115635, 0.24512771149354642, 0.2629503429572802, 0.28983544221830476, 0.3213168967541999, 0.3578145805515704, 0.4007205244961554, 0.4438228242644005], "['0.70', 2]": [0.30699698881696663, 0.3046262933608331, 0.29864348070092916, 0.2906668472933094, 0.2435161984427805, 0.21239201148330686, 0.19579315035598419, 0.19856370903600382, 0.2098014235754833, 0.22844145959649378, 0.25594878591077486, 0.2866634252248709, 0.32076808657949357, 0.3590832844732968, 0.39589462319046975], "['0.60', 2]": [0.23936928798196705, 0.237144681358487, 0.23207426399831843, 0.22532038760362405, 0.1877311439844417, 0.1651806657759017, 0.1561335582619246, 0.16387241433796468, 0.1774891241168698, 0.19637355429907064, 0.22300602879766607, 0.2510555862571828, 0.28041189519423226, 0.31065565241539245, 0.3391125881206548], "['0.50', 2]": [0.18018886610655377, 0.17820119770642182, 0.1737846580880812, 0.16819380441547221, 0.1402522925180946, 0.12495143206670259, 0.1222369935807143, 0.1328649975842593, 0.14724899336373956, 0.16574889598468204, 0.1887359890664717, 0.21081899891354583, 0.23511997035266335, 0.2563127826128422, 0.2741000681553174], "['0.40', 2]": [0.13128360288938545, 0.12951334304058643, 0.12568231415443687, 0.12119940860932331, 0.10058036612851892, 0.09075073224497565, 0.09222708341319628, 0.10395532228621236, 0.11791838703002905, 0.13326736628274163, 0.15140520209790131, 0.16680309718665803, 0.18424396266291562, 0.1964881838038018, 0.2063012040185272], "['0.30', 2]": [0.0876357368318959, 0.08621056201062693, 0.08315097978967417, 0.08000313919939749, 0.06654051058698013, 0.06129040091108239, 0.06581335909709844, 0.07634453716165437, 0.08840099017717241, 0.1001901285572877, 0.11251243064768154, 0.1215583351035253, 0.12977131735328273, 0.1348247297452747, 0.1383992491097163], "['0.20', 2]": [0.049846791203383124, 0.04899535990835829, 0.04702828008496576, 0.044963909071916906, 0.037703941625659015, 0.036914755102792525, 0.04166713387409693, 0.04992063729220972, 0.057789909296802444, 0.06437830654520135, 0.06974767838173629, 0.07267898027014645, 0.07461987945603238, 0.07579758642237361, 0.07639816510637597], "['0.10', 2]": [0.01928346972795512, 0.018810116092611066, 0.017997164017615187, 0.017258996143173777, 0.015418648589116202, 0.016656880673558288, 0.019627387886076625, 0.02339523930894704, 0.026023361820848332, 0.027372459168516564, 0.028127776972781723, 0.028293320278432184, 0.028466181832606574, 0.028558256661409202, 0.02857782596376864], "['1.00', 3]": [0.32609996591826595, 0.3237307871949108, 0.32078053918423066, 0.31296186536240045, 0.2818158588623385, 0.256834705377795, 0.24629611823448946, 0.25006581609657813, 0.2665800502803153, 0.2921154453098125, 0.3287841327035348, 0.36945627161328276, 0.41392954033319607, 0.45953606149038667, 0.5099451444294127], "['0.90', 3]": [0.28001313192227034, 0.2778484139792071, 0.2751249849123909, 0.2679058527661186, 0.23955291662364142, 0.21802769216417894, 0.21180478053609136, 0.21850039847217861, 0.2371216364973845, 0.26311668525909615, 0.2996167020322872, 0.3395275680685212, 0.381908445538847, 0.4247677771424338, 0.4730340700836984], "['0.80', 3]": [0.23481426011185613, 0.23301841355469868, 0.23047793206648384, 0.2239043939228571, 0.19918167737032888, 0.18171274598442347, 0.18009025399372947, 0.18928920700436397, 0.2093039155146013, 0.23561161029515282, 0.27113424637991035, 0.3088167589141935, 0.34884886146889454, 0.3892621911387873, 0.433077684834828],